image_id,benz,bmw,ford,honda,lansus,luxgan,mazda,mitsubishi,nissan,suzuki,toyota,volkswagen
car1,1,0,0,0,0,0,0,0,0,0,0,0
car2,1,0,0,0,0,0,0,0,0,0,0,0
car3,1,0,0,0,0,0,0,0,0,0,0,0
car4,1,0,0,0,0,0,0,0,0,0,0,0
car5,1,0,0,0,0,0,0,0,0,0,0,0
car6,1,0,0,0,0,0,0,0,0,0,0,0
car7,1,0,0,0,0,0,0,0,0,0,0,0
car8,1,0,0,0,0,0,0,0,0,0,0,0
car9,1,0,0,0,0,0,0,0,0,0,0,0
car10,1,0,0,0,0,0,0,0,0,0,0,0
car11,1,0,0,0,0,0,0,0,0,0,0,0
car12,1,0,0,0,0,0,0,0,0,0,0,0
car13,1,0,0,0,0,0,0,0,0,0,0,0
car14,1,0,0,0,0,0,0,0,0,0,0,0
car15,1,0,0,0,0,0,0,0,0,0,0,0
car16,1,0,0,0,0,0,0,0,0,0,0,0
car17,1,0,0,0,0,0,0,0,0,0,0,0
car18,1,0,0,0,0,0,0,0,0,0,0,0
car19,1,0,0,0,0,0,0,0,0,0,0,0
car20,1,0,0,0,0,0,0,0,0,0,0,0
car21,1,0,0,0,0,0,0,0,0,0,0,0
car22,1,0,0,0,0,0,0,0,0,0,0,0
car23,1,0,0,0,0,0,0,0,0,0,0,0
car24,1,0,0,0,0,0,0,0,0,0,0,0
car25,1,0,0,0,0,0,0,0,0,0,0,0
car26,1,0,0,0,0,0,0,0,0,0,0,0
car27,1,0,0,0,0,0,0,0,0,0,0,0
car28,1,0,0,0,0,0,0,0,0,0,0,0
car29,1,0,0,0,0,0,0,0,0,0,0,0
car30,1,0,0,0,0,0,0,0,0,0,0,0
car31,1,0,0,0,0,0,0,0,0,0,0,0
car32,1,0,0,0,0,0,0,0,0,0,0,0
car33,1,0,0,0,0,0,0,0,0,0,0,0
car34,1,0,0,0,0,0,0,0,0,0,0,0
car35,1,0,0,0,0,0,0,0,0,0,0,0
car36,1,0,0,0,0,0,0,0,0,0,0,0
car37,1,0,0,0,0,0,0,0,0,0,0,0
car38,1,0,0,0,0,0,0,0,0,0,0,0
car39,1,0,0,0,0,0,0,0,0,0,0,0
car40,1,0,0,0,0,0,0,0,0,0,0,0
car41,1,0,0,0,0,0,0,0,0,0,0,0
car42,1,0,0,0,0,0,0,0,0,0,0,0
car43,1,0,0,0,0,0,0,0,0,0,0,0
car44,1,0,0,0,0,0,0,0,0,0,0,0
car45,1,0,0,0,0,0,0,0,0,0,0,0
car46,1,0,0,0,0,0,0,0,0,0,0,0
car47,1,0,0,0,0,0,0,0,0,0,0,0
car48,1,0,0,0,0,0,0,0,0,0,0,0
car49,1,0,0,0,0,0,0,0,0,0,0,0
car50,1,0,0,0,0,0,0,0,0,0,0,0
car51,1,0,0,0,0,0,0,0,0,0,0,0
car52,1,0,0,0,0,0,0,0,0,0,0,0
car53,1,0,0,0,0,0,0,0,0,0,0,0
car54,1,0,0,0,0,0,0,0,0,0,0,0
car55,1,0,0,0,0,0,0,0,0,0,0,0
car56,1,0,0,0,0,0,0,0,0,0,0,0
car57,1,0,0,0,0,0,0,0,0,0,0,0
car58,1,0,0,0,0,0,0,0,0,0,0,0
car59,1,0,0,0,0,0,0,0,0,0,0,0
car60,1,0,0,0,0,0,0,0,0,0,0,0
car61,1,0,0,0,0,0,0,0,0,0,0,0
car62,1,0,0,0,0,0,0,0,0,0,0,0
car63,1,0,0,0,0,0,0,0,0,0,0,0
car64,1,0,0,0,0,0,0,0,0,0,0,0
car65,1,0,0,0,0,0,0,0,0,0,0,0
car66,1,0,0,0,0,0,0,0,0,0,0,0
car67,1,0,0,0,0,0,0,0,0,0,0,0
car68,1,0,0,0,0,0,0,0,0,0,0,0
car69,1,0,0,0,0,0,0,0,0,0,0,0
car70,1,0,0,0,0,0,0,0,0,0,0,0
car71,1,0,0,0,0,0,0,0,0,0,0,0
car72,1,0,0,0,0,0,0,0,0,0,0,0
car73,1,0,0,0,0,0,0,0,0,0,0,0
car74,1,0,0,0,0,0,0,0,0,0,0,0
car75,1,0,0,0,0,0,0,0,0,0,0,0
car76,1,0,0,0,0,0,0,0,0,0,0,0
car77,1,0,0,0,0,0,0,0,0,0,0,0
car78,1,0,0,0,0,0,0,0,0,0,0,0
car79,1,0,0,0,0,0,0,0,0,0,0,0
car80,1,0,0,0,0,0,0,0,0,0,0,0
car81,1,0,0,0,0,0,0,0,0,0,0,0
car82,1,0,0,0,0,0,0,0,0,0,0,0
car83,1,0,0,0,0,0,0,0,0,0,0,0
car84,1,0,0,0,0,0,0,0,0,0,0,0
car85,1,0,0,0,0,0,0,0,0,0,0,0
car86,1,0,0,0,0,0,0,0,0,0,0,0
car87,1,0,0,0,0,0,0,0,0,0,0,0
car88,1,0,0,0,0,0,0,0,0,0,0,0
car89,1,0,0,0,0,0,0,0,0,0,0,0
car90,1,0,0,0,0,0,0,0,0,0,0,0
car91,1,0,0,0,0,0,0,0,0,0,0,0
car92,1,0,0,0,0,0,0,0,0,0,0,0
car93,1,0,0,0,0,0,0,0,0,0,0,0
car94,1,0,0,0,0,0,0,0,0,0,0,0
car95,1,0,0,0,0,0,0,0,0,0,0,0
car96,1,0,0,0,0,0,0,0,0,0,0,0
car97,1,0,0,0,0,0,0,0,0,0,0,0
car98,1,0,0,0,0,0,0,0,0,0,0,0
car99,1,0,0,0,0,0,0,0,0,0,0,0
car100,1,0,0,0,0,0,0,0,0,0,0,0
car101,1,0,0,0,0,0,0,0,0,0,0,0
car102,1,0,0,0,0,0,0,0,0,0,0,0
car103,1,0,0,0,0,0,0,0,0,0,0,0
car104,1,0,0,0,0,0,0,0,0,0,0,0
car105,1,0,0,0,0,0,0,0,0,0,0,0
car106,1,0,0,0,0,0,0,0,0,0,0,0
car107,1,0,0,0,0,0,0,0,0,0,0,0
car108,1,0,0,0,0,0,0,0,0,0,0,0
car109,1,0,0,0,0,0,0,0,0,0,0,0
car110,1,0,0,0,0,0,0,0,0,0,0,0
car111,1,0,0,0,0,0,0,0,0,0,0,0
car112,1,0,0,0,0,0,0,0,0,0,0,0
car113,1,0,0,0,0,0,0,0,0,0,0,0
car114,1,0,0,0,0,0,0,0,0,0,0,0
car115,1,0,0,0,0,0,0,0,0,0,0,0
car116,1,0,0,0,0,0,0,0,0,0,0,0
car117,1,0,0,0,0,0,0,0,0,0,0,0
car118,1,0,0,0,0,0,0,0,0,0,0,0
car119,1,0,0,0,0,0,0,0,0,0,0,0
car120,1,0,0,0,0,0,0,0,0,0,0,0
car121,1,0,0,0,0,0,0,0,0,0,0,0
car122,1,0,0,0,0,0,0,0,0,0,0,0
car123,1,0,0,0,0,0,0,0,0,0,0,0
car124,1,0,0,0,0,0,0,0,0,0,0,0
car125,1,0,0,0,0,0,0,0,0,0,0,0
car126,1,0,0,0,0,0,0,0,0,0,0,0
car127,1,0,0,0,0,0,0,0,0,0,0,0
car128,1,0,0,0,0,0,0,0,0,0,0,0
car129,1,0,0,0,0,0,0,0,0,0,0,0
car130,1,0,0,0,0,0,0,0,0,0,0,0
car131,1,0,0,0,0,0,0,0,0,0,0,0
car132,1,0,0,0,0,0,0,0,0,0,0,0
car133,1,0,0,0,0,0,0,0,0,0,0,0
car134,1,0,0,0,0,0,0,0,0,0,0,0
car135,1,0,0,0,0,0,0,0,0,0,0,0
car136,1,0,0,0,0,0,0,0,0,0,0,0
car137,1,0,0,0,0,0,0,0,0,0,0,0
car138,1,0,0,0,0,0,0,0,0,0,0,0
car139,1,0,0,0,0,0,0,0,0,0,0,0
car140,0,1,0,0,0,0,0,0,0,0,0,0
car141,0,1,0,0,0,0,0,0,0,0,0,0
car142,0,1,0,0,0,0,0,0,0,0,0,0
car143,0,1,0,0,0,0,0,0,0,0,0,0
car144,0,1,0,0,0,0,0,0,0,0,0,0
car145,0,1,0,0,0,0,0,0,0,0,0,0
car146,0,1,0,0,0,0,0,0,0,0,0,0
car147,0,1,0,0,0,0,0,0,0,0,0,0
car148,0,0,1,0,0,0,0,0,0,0,0,0
car149,0,0,1,0,0,0,0,0,0,0,0,0
car150,0,0,1,0,0,0,0,0,0,0,0,0
car151,0,0,1,0,0,0,0,0,0,0,0,0
car152,0,0,1,0,0,0,0,0,0,0,0,0
car153,0,0,1,0,0,0,0,0,0,0,0,0
car154,0,0,1,0,0,0,0,0,0,0,0,0
car155,0,0,1,0,0,0,0,0,0,0,0,0
car156,0,0,1,0,0,0,0,0,0,0,0,0
car157,0,0,1,0,0,0,0,0,0,0,0,0
car158,0,0,1,0,0,0,0,0,0,0,0,0
car159,0,0,1,0,0,0,0,0,0,0,0,0
car160,0,0,1,0,0,0,0,0,0,0,0,0
car161,0,0,1,0,0,0,0,0,0,0,0,0
car162,0,0,1,0,0,0,0,0,0,0,0,0
car163,0,0,1,0,0,0,0,0,0,0,0,0
car164,0,0,1,0,0,0,0,0,0,0,0,0
car165,0,0,1,0,0,0,0,0,0,0,0,0
car166,0,0,1,0,0,0,0,0,0,0,0,0
car167,0,0,1,0,0,0,0,0,0,0,0,0
car168,0,0,1,0,0,0,0,0,0,0,0,0
car169,0,0,1,0,0,0,0,0,0,0,0,0
car170,0,0,1,0,0,0,0,0,0,0,0,0
car171,0,0,0,1,0,0,0,0,0,0,0,0
car172,0,0,0,1,0,0,0,0,0,0,0,0
car173,0,0,0,1,0,0,0,0,0,0,0,0
car174,0,0,0,1,0,0,0,0,0,0,0,0
car175,0,0,0,1,0,0,0,0,0,0,0,0
car176,0,0,0,1,0,0,0,0,0,0,0,0
car177,0,0,0,1,0,0,0,0,0,0,0,0
car178,0,0,0,1,0,0,0,0,0,0,0,0
car179,0,0,0,1,0,0,0,0,0,0,0,0
car180,0,0,0,1,0,0,0,0,0,0,0,0
car181,0,0,0,1,0,0,0,0,0,0,0,0
car182,0,0,0,1,0,0,0,0,0,0,0,0
car183,0,0,0,1,0,0,0,0,0,0,0,0
car184,0,0,0,1,0,0,0,0,0,0,0,0
car185,0,0,0,1,0,0,0,0,0,0,0,0
car186,0,0,0,1,0,0,0,0,0,0,0,0
car187,0,0,0,1,0,0,0,0,0,0,0,0
car188,0,0,0,1,0,0,0,0,0,0,0,0
car189,0,0,0,1,0,0,0,0,0,0,0,0
car190,0,0,0,1,0,0,0,0,0,0,0,0
car191,0,0,0,1,0,0,0,0,0,0,0,0
car192,0,0,0,1,0,0,0,0,0,0,0,0
car193,0,0,0,1,0,0,0,0,0,0,0,0
car194,0,0,0,1,0,0,0,0,0,0,0,0
car195,0,0,0,1,0,0,0,0,0,0,0,0
car196,0,0,0,1,0,0,0,0,0,0,0,0
car197,0,0,0,1,0,0,0,0,0,0,0,0
car198,0,0,0,1,0,0,0,0,0,0,0,0
car199,0,0,0,1,0,0,0,0,0,0,0,0
car200,0,0,0,1,0,0,0,0,0,0,0,0
car201,0,0,0,1,0,0,0,0,0,0,0,0
car202,0,0,0,1,0,0,0,0,0,0,0,0
car203,0,0,0,1,0,0,0,0,0,0,0,0
car204,0,0,0,1,0,0,0,0,0,0,0,0
car205,0,0,0,1,0,0,0,0,0,0,0,0
car206,0,0,0,1,0,0,0,0,0,0,0,0
car207,0,0,0,1,0,0,0,0,0,0,0,0
car208,0,0,0,1,0,0,0,0,0,0,0,0
car209,0,0,0,1,0,0,0,0,0,0,0,0
car210,0,0,0,1,0,0,0,0,0,0,0,0
car211,0,0,0,1,0,0,0,0,0,0,0,0
car212,0,0,0,1,0,0,0,0,0,0,0,0
car213,0,0,0,1,0,0,0,0,0,0,0,0
car214,0,0,0,1,0,0,0,0,0,0,0,0
car215,0,0,0,1,0,0,0,0,0,0,0,0
car216,0,0,0,1,0,0,0,0,0,0,0,0
car217,0,0,0,1,0,0,0,0,0,0,0,0
car218,0,0,0,1,0,0,0,0,0,0,0,0
car219,0,0,0,1,0,0,0,0,0,0,0,0
car220,0,0,0,1,0,0,0,0,0,0,0,0
car221,0,0,0,1,0,0,0,0,0,0,0,0
car222,0,0,0,1,0,0,0,0,0,0,0,0
car223,0,0,0,1,0,0,0,0,0,0,0,0
car224,0,0,0,1,0,0,0,0,0,0,0,0
car225,0,0,0,1,0,0,0,0,0,0,0,0
car226,0,0,0,1,0,0,0,0,0,0,0,0
car227,0,0,0,1,0,0,0,0,0,0,0,0
car228,0,0,0,1,0,0,0,0,0,0,0,0
car229,0,0,0,1,0,0,0,0,0,0,0,0
car230,0,0,0,1,0,0,0,0,0,0,0,0
car231,0,0,0,1,0,0,0,0,0,0,0,0
car232,0,0,0,1,0,0,0,0,0,0,0,0
car233,0,0,0,1,0,0,0,0,0,0,0,0
car234,0,0,0,1,0,0,0,0,0,0,0,0
car235,0,0,0,1,0,0,0,0,0,0,0,0
car236,0,0,0,1,0,0,0,0,0,0,0,0
car237,0,0,0,1,0,0,0,0,0,0,0,0
car238,0,0,0,1,0,0,0,0,0,0,0,0
car239,0,0,0,1,0,0,0,0,0,0,0,0
car240,0,0,0,1,0,0,0,0,0,0,0,0
car241,0,0,0,1,0,0,0,0,0,0,0,0
car242,0,0,0,1,0,0,0,0,0,0,0,0
car243,0,0,0,1,0,0,0,0,0,0,0,0
car244,0,0,0,1,0,0,0,0,0,0,0,0
car245,0,0,0,1,0,0,0,0,0,0,0,0
car246,0,0,0,1,0,0,0,0,0,0,0,0
car247,0,0,0,1,0,0,0,0,0,0,0,0
car248,0,0,0,1,0,0,0,0,0,0,0,0
car249,0,0,0,1,0,0,0,0,0,0,0,0
car250,0,0,0,1,0,0,0,0,0,0,0,0
car251,0,0,0,1,0,0,0,0,0,0,0,0
car252,0,0,0,1,0,0,0,0,0,0,0,0
car253,0,0,0,1,0,0,0,0,0,0,0,0
car254,0,0,0,1,0,0,0,0,0,0,0,0
car255,0,0,0,1,0,0,0,0,0,0,0,0
car256,0,0,0,1,0,0,0,0,0,0,0,0
car257,0,0,0,1,0,0,0,0,0,0,0,0
car258,0,0,0,1,0,0,0,0,0,0,0,0
car259,0,0,0,1,0,0,0,0,0,0,0,0
car260,0,0,0,1,0,0,0,0,0,0,0,0
car261,0,0,0,1,0,0,0,0,0,0,0,0
car262,0,0,0,1,0,0,0,0,0,0,0,0
car263,0,0,0,1,0,0,0,0,0,0,0,0
car264,0,0,0,1,0,0,0,0,0,0,0,0
car265,0,0,0,1,0,0,0,0,0,0,0,0
car266,0,0,0,1,0,0,0,0,0,0,0,0
car267,0,0,0,1,0,0,0,0,0,0,0,0
car268,0,0,0,1,0,0,0,0,0,0,0,0
car269,0,0,0,1,0,0,0,0,0,0,0,0
car270,0,0,0,1,0,0,0,0,0,0,0,0
car271,0,0,0,1,0,0,0,0,0,0,0,0
car272,0,0,0,1,0,0,0,0,0,0,0,0
car273,0,0,0,1,0,0,0,0,0,0,0,0
car274,0,0,0,1,0,0,0,0,0,0,0,0
car275,0,0,0,1,0,0,0,0,0,0,0,0
car276,0,0,0,1,0,0,0,0,0,0,0,0
car277,0,0,0,1,0,0,0,0,0,0,0,0
car278,0,0,0,1,0,0,0,0,0,0,0,0
car279,0,0,0,1,0,0,0,0,0,0,0,0
car280,0,0,0,1,0,0,0,0,0,0,0,0
car281,0,0,0,1,0,0,0,0,0,0,0,0
car282,0,0,0,1,0,0,0,0,0,0,0,0
car283,0,0,0,1,0,0,0,0,0,0,0,0
car284,0,0,0,1,0,0,0,0,0,0,0,0
car285,0,0,0,1,0,0,0,0,0,0,0,0
car286,0,0,0,1,0,0,0,0,0,0,0,0
car287,0,0,0,1,0,0,0,0,0,0,0,0
car288,0,0,0,1,0,0,0,0,0,0,0,0
car289,0,0,0,1,0,0,0,0,0,0,0,0
car290,0,0,0,1,0,0,0,0,0,0,0,0
car291,0,0,0,1,0,0,0,0,0,0,0,0
car292,0,0,0,1,0,0,0,0,0,0,0,0
car293,0,0,0,1,0,0,0,0,0,0,0,0
car294,0,0,0,1,0,0,0,0,0,0,0,0
car295,0,0,0,1,0,0,0,0,0,0,0,0
car296,0,0,0,1,0,0,0,0,0,0,0,0
car297,0,0,0,1,0,0,0,0,0,0,0,0
car298,0,0,0,1,0,0,0,0,0,0,0,0
car299,0,0,0,1,0,0,0,0,0,0,0,0
car300,0,0,0,1,0,0,0,0,0,0,0,0
car301,0,0,0,1,0,0,0,0,0,0,0,0
car302,0,0,0,1,0,0,0,0,0,0,0,0
car303,0,0,0,1,0,0,0,0,0,0,0,0
car304,0,0,0,1,0,0,0,0,0,0,0,0
car305,0,0,0,1,0,0,0,0,0,0,0,0
car306,0,0,0,1,0,0,0,0,0,0,0,0
car307,0,0,0,1,0,0,0,0,0,0,0,0
car308,0,0,0,1,0,0,0,0,0,0,0,0
car309,0,0,0,1,0,0,0,0,0,0,0,0
car310,0,0,0,1,0,0,0,0,0,0,0,0
car311,0,0,0,1,0,0,0,0,0,0,0,0
car312,0,0,0,1,0,0,0,0,0,0,0,0
car313,0,0,0,1,0,0,0,0,0,0,0,0
car314,0,0,0,0,1,0,0,0,0,0,0,0
car315,0,0,0,0,1,0,0,0,0,0,0,0
car316,0,0,0,0,1,0,0,0,0,0,0,0
car317,0,0,0,0,1,0,0,0,0,0,0,0
car318,0,0,0,0,1,0,0,0,0,0,0,0
car319,0,0,0,0,1,0,0,0,0,0,0,0
car320,0,0,0,0,1,0,0,0,0,0,0,0
car321,0,0,0,0,1,0,0,0,0,0,0,0
car322,0,0,0,0,1,0,0,0,0,0,0,0
car323,0,0,0,0,1,0,0,0,0,0,0,0
car324,0,0,0,0,1,0,0,0,0,0,0,0
car325,0,0,0,0,1,0,0,0,0,0,0,0
car326,0,0,0,0,1,0,0,0,0,0,0,0
car327,0,0,0,0,1,0,0,0,0,0,0,0
car328,0,0,0,0,1,0,0,0,0,0,0,0
car329,0,0,0,0,1,0,0,0,0,0,0,0
car330,0,0,0,0,1,0,0,0,0,0,0,0
car331,0,0,0,0,1,0,0,0,0,0,0,0
car332,0,0,0,0,1,0,0,0,0,0,0,0
car333,0,0,0,0,1,0,0,0,0,0,0,0
car334,0,0,0,0,1,0,0,0,0,0,0,0
car335,0,0,0,0,1,0,0,0,0,0,0,0
car336,0,0,0,0,1,0,0,0,0,0,0,0
car337,0,0,0,0,1,0,0,0,0,0,0,0
car338,0,0,0,0,1,0,0,0,0,0,0,0
car339,0,0,0,0,1,0,0,0,0,0,0,0
car340,0,0,0,0,1,0,0,0,0,0,0,0
car341,0,0,0,0,1,0,0,0,0,0,0,0
car342,0,0,0,0,1,0,0,0,0,0,0,0
car343,0,0,0,0,1,0,0,0,0,0,0,0
car344,0,0,0,0,1,0,0,0,0,0,0,0
car345,0,0,0,0,1,0,0,0,0,0,0,0
car346,0,0,0,0,1,0,0,0,0,0,0,0
car347,0,0,0,0,1,0,0,0,0,0,0,0
car348,0,0,0,0,1,0,0,0,0,0,0,0
car349,0,0,0,0,1,0,0,0,0,0,0,0
car350,0,0,0,0,1,0,0,0,0,0,0,0
car351,0,0,0,0,1,0,0,0,0,0,0,0
car352,0,0,0,0,1,0,0,0,0,0,0,0
car353,0,0,0,0,1,0,0,0,0,0,0,0
car354,0,0,0,0,1,0,0,0,0,0,0,0
car355,0,0,0,0,1,0,0,0,0,0,0,0
car356,0,0,0,0,1,0,0,0,0,0,0,0
car357,0,0,0,0,1,0,0,0,0,0,0,0
car358,0,0,0,0,1,0,0,0,0,0,0,0
car359,0,0,0,0,1,0,0,0,0,0,0,0
car360,0,0,0,0,1,0,0,0,0,0,0,0
car361,0,0,0,0,1,0,0,0,0,0,0,0
car362,0,0,0,0,1,0,0,0,0,0,0,0
car363,0,0,0,0,1,0,0,0,0,0,0,0
car364,0,0,0,0,1,0,0,0,0,0,0,0
car365,0,0,0,0,1,0,0,0,0,0,0,0
car366,0,0,0,0,1,0,0,0,0,0,0,0
car367,0,0,0,0,1,0,0,0,0,0,0,0
car368,0,0,0,0,1,0,0,0,0,0,0,0
car369,0,0,0,0,1,0,0,0,0,0,0,0
car370,0,0,0,0,1,0,0,0,0,0,0,0
car371,0,0,0,0,1,0,0,0,0,0,0,0
car372,0,0,0,0,1,0,0,0,0,0,0,0
car373,0,0,0,0,1,0,0,0,0,0,0,0
car374,0,0,0,0,1,0,0,0,0,0,0,0
car375,0,0,0,0,1,0,0,0,0,0,0,0
car376,0,0,0,0,1,0,0,0,0,0,0,0
car377,0,0,0,0,1,0,0,0,0,0,0,0
car378,0,0,0,0,1,0,0,0,0,0,0,0
car379,0,0,0,0,1,0,0,0,0,0,0,0
car380,0,0,0,0,1,0,0,0,0,0,0,0
car381,0,0,0,0,1,0,0,0,0,0,0,0
car382,0,0,0,0,1,0,0,0,0,0,0,0
car383,0,0,0,0,1,0,0,0,0,0,0,0
car384,0,0,0,0,1,0,0,0,0,0,0,0
car385,0,0,0,0,1,0,0,0,0,0,0,0
car386,0,0,0,0,1,0,0,0,0,0,0,0
car387,0,0,0,0,1,0,0,0,0,0,0,0
car388,0,0,0,0,1,0,0,0,0,0,0,0
car389,0,0,0,0,1,0,0,0,0,0,0,0
car390,0,0,0,0,1,0,0,0,0,0,0,0
car391,0,0,0,0,1,0,0,0,0,0,0,0
car392,0,0,0,0,1,0,0,0,0,0,0,0
car393,0,0,0,0,1,0,0,0,0,0,0,0
car394,0,0,0,0,1,0,0,0,0,0,0,0
car395,0,0,0,0,1,0,0,0,0,0,0,0
car396,0,0,0,0,1,0,0,0,0,0,0,0
car397,0,0,0,0,1,0,0,0,0,0,0,0
car398,0,0,0,0,1,0,0,0,0,0,0,0
car399,0,0,0,0,1,0,0,0,0,0,0,0
car400,0,0,0,0,1,0,0,0,0,0,0,0
car401,0,0,0,0,1,0,0,0,0,0,0,0
car402,0,0,0,0,1,0,0,0,0,0,0,0
car403,0,0,0,0,1,0,0,0,0,0,0,0
car404,0,0,0,0,1,0,0,0,0,0,0,0
car405,0,0,0,0,1,0,0,0,0,0,0,0
car406,0,0,0,0,1,0,0,0,0,0,0,0
car407,0,0,0,0,1,0,0,0,0,0,0,0
car408,0,0,0,0,1,0,0,0,0,0,0,0
car409,0,0,0,0,1,0,0,0,0,0,0,0
car410,0,0,0,0,1,0,0,0,0,0,0,0
car411,0,0,0,0,1,0,0,0,0,0,0,0
car412,0,0,0,0,1,0,0,0,0,0,0,0
car413,0,0,0,0,1,0,0,0,0,0,0,0
car414,0,0,0,0,1,0,0,0,0,0,0,0
car415,0,0,0,0,1,0,0,0,0,0,0,0
car416,0,0,0,0,1,0,0,0,0,0,0,0
car417,0,0,0,0,1,0,0,0,0,0,0,0
car418,0,0,0,0,1,0,0,0,0,0,0,0
car419,0,0,0,0,1,0,0,0,0,0,0,0
car420,0,0,0,0,1,0,0,0,0,0,0,0
car421,0,0,0,0,1,0,0,0,0,0,0,0
car422,0,0,0,0,1,0,0,0,0,0,0,0
car423,0,0,0,0,1,0,0,0,0,0,0,0
car424,0,0,0,0,1,0,0,0,0,0,0,0
car425,0,0,0,0,1,0,0,0,0,0,0,0
car426,0,0,0,0,1,0,0,0,0,0,0,0
car427,0,0,0,0,1,0,0,0,0,0,0,0
car428,0,0,0,0,1,0,0,0,0,0,0,0
car429,0,0,0,0,1,0,0,0,0,0,0,0
car430,0,0,0,0,1,0,0,0,0,0,0,0
car431,0,0,0,0,1,0,0,0,0,0,0,0
car432,0,0,0,0,1,0,0,0,0,0,0,0
car433,0,0,0,0,1,0,0,0,0,0,0,0
car434,0,0,0,0,1,0,0,0,0,0,0,0
car435,0,0,0,0,1,0,0,0,0,0,0,0
car436,0,0,0,0,1,0,0,0,0,0,0,0
car437,0,0,0,0,1,0,0,0,0,0,0,0
car438,0,0,0,0,1,0,0,0,0,0,0,0
car439,0,0,0,0,1,0,0,0,0,0,0,0
car440,0,0,0,0,1,0,0,0,0,0,0,0
car441,0,0,0,0,1,0,0,0,0,0,0,0
car442,0,0,0,0,1,0,0,0,0,0,0,0
car443,0,0,0,0,1,0,0,0,0,0,0,0
car444,0,0,0,0,1,0,0,0,0,0,0,0
car445,0,0,0,0,1,0,0,0,0,0,0,0
car446,0,0,0,0,1,0,0,0,0,0,0,0
car447,0,0,0,0,1,0,0,0,0,0,0,0
car448,0,0,0,0,1,0,0,0,0,0,0,0
car449,0,0,0,0,1,0,0,0,0,0,0,0
car450,0,0,0,0,1,0,0,0,0,0,0,0
car451,0,0,0,0,1,0,0,0,0,0,0,0
car452,0,0,0,0,1,0,0,0,0,0,0,0
car453,0,0,0,0,1,0,0,0,0,0,0,0
car454,0,0,0,0,1,0,0,0,0,0,0,0
car455,0,0,0,0,1,0,0,0,0,0,0,0
car456,0,0,0,0,1,0,0,0,0,0,0,0
car457,0,0,0,0,1,0,0,0,0,0,0,0
car458,0,0,0,0,1,0,0,0,0,0,0,0
car459,0,0,0,0,1,0,0,0,0,0,0,0
car460,0,0,0,0,1,0,0,0,0,0,0,0
car461,0,0,0,0,1,0,0,0,0,0,0,0
car462,0,0,0,0,1,0,0,0,0,0,0,0
car463,0,0,0,0,1,0,0,0,0,0,0,0
car464,0,0,0,0,1,0,0,0,0,0,0,0
car465,0,0,0,0,1,0,0,0,0,0,0,0
car466,0,0,0,0,1,0,0,0,0,0,0,0
car467,0,0,0,0,1,0,0,0,0,0,0,0
car468,0,0,0,0,1,0,0,0,0,0,0,0
car469,0,0,0,0,1,0,0,0,0,0,0,0
car470,0,0,0,0,1,0,0,0,0,0,0,0
car471,0,0,0,0,1,0,0,0,0,0,0,0
car472,0,0,0,0,1,0,0,0,0,0,0,0
car473,0,0,0,0,1,0,0,0,0,0,0,0
car474,0,0,0,0,1,0,0,0,0,0,0,0
car475,0,0,0,0,0,1,0,0,0,0,0,0
car476,0,0,0,0,0,1,0,0,0,0,0,0
car477,0,0,0,0,0,1,0,0,0,0,0,0
car478,0,0,0,0,0,1,0,0,0,0,0,0
car479,0,0,0,0,0,1,0,0,0,0,0,0
car480,0,0,0,0,0,1,0,0,0,0,0,0
car481,0,0,0,0,0,0,1,0,0,0,0,0
car482,0,0,0,0,0,0,1,0,0,0,0,0
car483,0,0,0,0,0,0,1,0,0,0,0,0
car484,0,0,0,0,0,0,1,0,0,0,0,0
car485,0,0,0,0,0,0,1,0,0,0,0,0
car486,0,0,0,0,0,0,1,0,0,0,0,0
car487,0,0,0,0,0,0,1,0,0,0,0,0
car488,0,0,0,0,0,0,1,0,0,0,0,0
car489,0,0,0,0,0,0,1,0,0,0,0,0
car490,0,0,0,0,0,0,1,0,0,0,0,0
car491,0,0,0,0,0,0,1,0,0,0,0,0
car492,0,0,0,0,0,0,1,0,0,0,0,0
car493,0,0,0,0,0,0,1,0,0,0,0,0
car494,0,0,0,0,0,0,1,0,0,0,0,0
car495,0,0,0,0,0,0,1,0,0,0,0,0
car496,0,0,0,0,0,0,1,0,0,0,0,0
car497,0,0,0,0,0,0,1,0,0,0,0,0
car498,0,0,0,0,0,0,1,0,0,0,0,0
car499,0,0,0,0,0,0,1,0,0,0,0,0
car500,0,0,0,0,0,0,1,0,0,0,0,0
car501,0,0,0,0,0,0,1,0,0,0,0,0
car502,0,0,0,0,0,0,1,0,0,0,0,0
car503,0,0,0,0,0,0,1,0,0,0,0,0
car504,0,0,0,0,0,0,1,0,0,0,0,0
car505,0,0,0,0,0,0,1,0,0,0,0,0
car506,0,0,0,0,0,0,1,0,0,0,0,0
car507,0,0,0,0,0,0,1,0,0,0,0,0
car508,0,0,0,0,0,0,1,0,0,0,0,0
car509,0,0,0,0,0,0,1,0,0,0,0,0
car510,0,0,0,0,0,0,1,0,0,0,0,0
car511,0,0,0,0,0,0,1,0,0,0,0,0
car512,0,0,0,0,0,0,1,0,0,0,0,0
car513,0,0,0,0,0,0,1,0,0,0,0,0
car514,0,0,0,0,0,0,1,0,0,0,0,0
car515,0,0,0,0,0,0,1,0,0,0,0,0
car516,0,0,0,0,0,0,1,0,0,0,0,0
car517,0,0,0,0,0,0,1,0,0,0,0,0
car518,0,0,0,0,0,0,1,0,0,0,0,0
car519,0,0,0,0,0,0,1,0,0,0,0,0
car520,0,0,0,0,0,0,1,0,0,0,0,0
car521,0,0,0,0,0,0,1,0,0,0,0,0
car522,0,0,0,0,0,0,1,0,0,0,0,0
car523,0,0,0,0,0,0,1,0,0,0,0,0
car524,0,0,0,0,0,0,1,0,0,0,0,0
car525,0,0,0,0,0,0,1,0,0,0,0,0
car526,0,0,0,0,0,0,1,0,0,0,0,0
car527,0,0,0,0,0,0,1,0,0,0,0,0
car528,0,0,0,0,0,0,1,0,0,0,0,0
car529,0,0,0,0,0,0,1,0,0,0,0,0
car530,0,0,0,0,0,0,1,0,0,0,0,0
car531,0,0,0,0,0,0,1,0,0,0,0,0
car532,0,0,0,0,0,0,1,0,0,0,0,0
car533,0,0,0,0,0,0,1,0,0,0,0,0
car534,0,0,0,0,0,0,1,0,0,0,0,0
car535,0,0,0,0,0,0,1,0,0,0,0,0
car536,0,0,0,0,0,0,1,0,0,0,0,0
car537,0,0,0,0,0,0,1,0,0,0,0,0
car538,0,0,0,0,0,0,1,0,0,0,0,0
car539,0,0,0,0,0,0,1,0,0,0,0,0
car540,0,0,0,0,0,0,1,0,0,0,0,0
car541,0,0,0,0,0,0,1,0,0,0,0,0
car542,0,0,0,0,0,0,1,0,0,0,0,0
car543,0,0,0,0,0,0,1,0,0,0,0,0
car544,0,0,0,0,0,0,1,0,0,0,0,0
car545,0,0,0,0,0,0,1,0,0,0,0,0
car546,0,0,0,0,0,0,1,0,0,0,0,0
car547,0,0,0,0,0,0,1,0,0,0,0,0
car548,0,0,0,0,0,0,1,0,0,0,0,0
car549,0,0,0,0,0,0,1,0,0,0,0,0
car550,0,0,0,0,0,0,1,0,0,0,0,0
car551,0,0,0,0,0,0,1,0,0,0,0,0
car552,0,0,0,0,0,0,1,0,0,0,0,0
car553,0,0,0,0,0,0,1,0,0,0,0,0
car554,0,0,0,0,0,0,1,0,0,0,0,0
car555,0,0,0,0,0,0,1,0,0,0,0,0
car556,0,0,0,0,0,0,1,0,0,0,0,0
car557,0,0,0,0,0,0,1,0,0,0,0,0
car558,0,0,0,0,0,0,1,0,0,0,0,0
car559,0,0,0,0,0,0,1,0,0,0,0,0
car560,0,0,0,0,0,0,1,0,0,0,0,0
car561,0,0,0,0,0,0,1,0,0,0,0,0
car562,0,0,0,0,0,0,1,0,0,0,0,0
car563,0,0,0,0,0,0,1,0,0,0,0,0
car564,0,0,0,0,0,0,1,0,0,0,0,0
car565,0,0,0,0,0,0,1,0,0,0,0,0
car566,0,0,0,0,0,0,1,0,0,0,0,0
car567,0,0,0,0,0,0,1,0,0,0,0,0
car568,0,0,0,0,0,0,1,0,0,0,0,0
car569,0,0,0,0,0,0,1,0,0,0,0,0
car570,0,0,0,0,0,0,1,0,0,0,0,0
car571,0,0,0,0,0,0,1,0,0,0,0,0
car572,0,0,0,0,0,0,1,0,0,0,0,0
car573,0,0,0,0,0,0,1,0,0,0,0,0
car574,0,0,0,0,0,0,1,0,0,0,0,0
car575,0,0,0,0,0,0,1,0,0,0,0,0
car576,0,0,0,0,0,0,1,0,0,0,0,0
car577,0,0,0,0,0,0,1,0,0,0,0,0
car578,0,0,0,0,0,0,1,0,0,0,0,0
car579,0,0,0,0,0,0,1,0,0,0,0,0
car580,0,0,0,0,0,0,1,0,0,0,0,0
car581,0,0,0,0,0,0,1,0,0,0,0,0
car582,0,0,0,0,0,0,1,0,0,0,0,0
car583,0,0,0,0,0,0,1,0,0,0,0,0
car584,0,0,0,0,0,0,1,0,0,0,0,0
car585,0,0,0,0,0,0,1,0,0,0,0,0
car586,0,0,0,0,0,0,1,0,0,0,0,0
car587,0,0,0,0,0,0,1,0,0,0,0,0
car588,0,0,0,0,0,0,1,0,0,0,0,0
car589,0,0,0,0,0,0,1,0,0,0,0,0
car590,0,0,0,0,0,0,1,0,0,0,0,0
car591,0,0,0,0,0,0,1,0,0,0,0,0
car592,0,0,0,0,0,0,1,0,0,0,0,0
car593,0,0,0,0,0,0,1,0,0,0,0,0
car594,0,0,0,0,0,0,1,0,0,0,0,0
car595,0,0,0,0,0,0,0,1,0,0,0,0
car596,0,0,0,0,0,0,0,1,0,0,0,0
car597,0,0,0,0,0,0,0,1,0,0,0,0
car598,0,0,0,0,0,0,0,1,0,0,0,0
car599,0,0,0,0,0,0,0,1,0,0,0,0
car600,0,0,0,0,0,0,0,1,0,0,0,0
car601,0,0,0,0,0,0,0,1,0,0,0,0
car602,0,0,0,0,0,0,0,1,0,0,0,0
car603,0,0,0,0,0,0,0,1,0,0,0,0
car604,0,0,0,0,0,0,0,1,0,0,0,0
car605,0,0,0,0,0,0,0,1,0,0,0,0
car606,0,0,0,0,0,0,0,1,0,0,0,0
car607,0,0,0,0,0,0,0,1,0,0,0,0
car608,0,0,0,0,0,0,0,1,0,0,0,0
car609,0,0,0,0,0,0,0,1,0,0,0,0
car610,0,0,0,0,0,0,0,1,0,0,0,0
car611,0,0,0,0,0,0,0,1,0,0,0,0
car612,0,0,0,0,0,0,0,1,0,0,0,0
car613,0,0,0,0,0,0,0,1,0,0,0,0
car614,0,0,0,0,0,0,0,1,0,0,0,0
car615,0,0,0,0,0,0,0,1,0,0,0,0
car616,0,0,0,0,0,0,0,1,0,0,0,0
car617,0,0,0,0,0,0,0,1,0,0,0,0
car618,0,0,0,0,0,0,0,1,0,0,0,0
car619,0,0,0,0,0,0,0,1,0,0,0,0
car620,0,0,0,0,0,0,0,1,0,0,0,0
car621,0,0,0,0,0,0,0,1,0,0,0,0
car622,0,0,0,0,0,0,0,1,0,0,0,0
car623,0,0,0,0,0,0,0,1,0,0,0,0
car624,0,0,0,0,0,0,0,1,0,0,0,0
car625,0,0,0,0,0,0,0,1,0,0,0,0
car626,0,0,0,0,0,0,0,1,0,0,0,0
car627,0,0,0,0,0,0,0,1,0,0,0,0
car628,0,0,0,0,0,0,0,1,0,0,0,0
car629,0,0,0,0,0,0,0,1,0,0,0,0
car630,0,0,0,0,0,0,0,1,0,0,0,0
car631,0,0,0,0,0,0,0,1,0,0,0,0
car632,0,0,0,0,0,0,0,1,0,0,0,0
car633,0,0,0,0,0,0,0,1,0,0,0,0
car634,0,0,0,0,0,0,0,1,0,0,0,0
car635,0,0,0,0,0,0,0,1,0,0,0,0
car636,0,0,0,0,0,0,0,1,0,0,0,0
car637,0,0,0,0,0,0,0,1,0,0,0,0
car638,0,0,0,0,0,0,0,1,0,0,0,0
car639,0,0,0,0,0,0,0,1,0,0,0,0
car640,0,0,0,0,0,0,0,1,0,0,0,0
car641,0,0,0,0,0,0,0,1,0,0,0,0
car642,0,0,0,0,0,0,0,1,0,0,0,0
car643,0,0,0,0,0,0,0,1,0,0,0,0
car644,0,0,0,0,0,0,0,1,0,0,0,0
car645,0,0,0,0,0,0,0,1,0,0,0,0
car646,0,0,0,0,0,0,0,1,0,0,0,0
car647,0,0,0,0,0,0,0,1,0,0,0,0
car648,0,0,0,0,0,0,0,1,0,0,0,0
car649,0,0,0,0,0,0,0,1,0,0,0,0
car650,0,0,0,0,0,0,0,1,0,0,0,0
car651,0,0,0,0,0,0,0,1,0,0,0,0
car652,0,0,0,0,0,0,0,1,0,0,0,0
car653,0,0,0,0,0,0,0,1,0,0,0,0
car654,0,0,0,0,0,0,0,1,0,0,0,0
car655,0,0,0,0,0,0,0,1,0,0,0,0
car656,0,0,0,0,0,0,0,1,0,0,0,0
car657,0,0,0,0,0,0,0,1,0,0,0,0
car658,0,0,0,0,0,0,0,1,0,0,0,0
car659,0,0,0,0,0,0,0,1,0,0,0,0
car660,0,0,0,0,0,0,0,1,0,0,0,0
car661,0,0,0,0,0,0,0,1,0,0,0,0
car662,0,0,0,0,0,0,0,1,0,0,0,0
car663,0,0,0,0,0,0,0,1,0,0,0,0
car664,0,0,0,0,0,0,0,1,0,0,0,0
car665,0,0,0,0,0,0,0,1,0,0,0,0
car666,0,0,0,0,0,0,0,1,0,0,0,0
car667,0,0,0,0,0,0,0,1,0,0,0,0
car668,0,0,0,0,0,0,0,1,0,0,0,0
car669,0,0,0,0,0,0,0,1,0,0,0,0
car670,0,0,0,0,0,0,0,1,0,0,0,0
car671,0,0,0,0,0,0,0,1,0,0,0,0
car672,0,0,0,0,0,0,0,1,0,0,0,0
car673,0,0,0,0,0,0,0,1,0,0,0,0
car674,0,0,0,0,0,0,0,1,0,0,0,0
car675,0,0,0,0,0,0,0,1,0,0,0,0
car676,0,0,0,0,0,0,0,1,0,0,0,0
car677,0,0,0,0,0,0,0,1,0,0,0,0
car678,0,0,0,0,0,0,0,1,0,0,0,0
car679,0,0,0,0,0,0,0,1,0,0,0,0
car680,0,0,0,0,0,0,0,1,0,0,0,0
car681,0,0,0,0,0,0,0,1,0,0,0,0
car682,0,0,0,0,0,0,0,1,0,0,0,0
car683,0,0,0,0,0,0,0,1,0,0,0,0
car684,0,0,0,0,0,0,0,1,0,0,0,0
car685,0,0,0,0,0,0,0,1,0,0,0,0
car686,0,0,0,0,0,0,0,1,0,0,0,0
car687,0,0,0,0,0,0,0,1,0,0,0,0
car688,0,0,0,0,0,0,0,1,0,0,0,0
car689,0,0,0,0,0,0,0,1,0,0,0,0
car690,0,0,0,0,0,0,0,1,0,0,0,0
car691,0,0,0,0,0,0,0,1,0,0,0,0
car692,0,0,0,0,0,0,0,1,0,0,0,0
car693,0,0,0,0,0,0,0,1,0,0,0,0
car694,0,0,0,0,0,0,0,1,0,0,0,0
car695,0,0,0,0,0,0,0,1,0,0,0,0
car696,0,0,0,0,0,0,0,1,0,0,0,0
car697,0,0,0,0,0,0,0,1,0,0,0,0
car698,0,0,0,0,0,0,0,1,0,0,0,0
car699,0,0,0,0,0,0,0,1,0,0,0,0
car700,0,0,0,0,0,0,0,1,0,0,0,0
car701,0,0,0,0,0,0,0,1,0,0,0,0
car702,0,0,0,0,0,0,0,1,0,0,0,0
car703,0,0,0,0,0,0,0,1,0,0,0,0
car704,0,0,0,0,0,0,0,1,0,0,0,0
car705,0,0,0,0,0,0,0,1,0,0,0,0
car706,0,0,0,0,0,0,0,1,0,0,0,0
car707,0,0,0,0,0,0,0,1,0,0,0,0
car708,0,0,0,0,0,0,0,1,0,0,0,0
car709,0,0,0,0,0,0,0,1,0,0,0,0
car710,0,0,0,0,0,0,0,1,0,0,0,0
car711,0,0,0,0,0,0,0,1,0,0,0,0
car712,0,0,0,0,0,0,0,1,0,0,0,0
car713,0,0,0,0,0,0,0,1,0,0,0,0
car714,0,0,0,0,0,0,0,1,0,0,0,0
car715,0,0,0,0,0,0,0,1,0,0,0,0
car716,0,0,0,0,0,0,0,1,0,0,0,0
car717,0,0,0,0,0,0,0,1,0,0,0,0
car718,0,0,0,0,0,0,0,1,0,0,0,0
car719,0,0,0,0,0,0,0,1,0,0,0,0
car720,0,0,0,0,0,0,0,1,0,0,0,0
car721,0,0,0,0,0,0,0,1,0,0,0,0
car722,0,0,0,0,0,0,0,1,0,0,0,0
car723,0,0,0,0,0,0,0,1,0,0,0,0
car724,0,0,0,0,0,0,0,1,0,0,0,0
car725,0,0,0,0,0,0,0,1,0,0,0,0
car726,0,0,0,0,0,0,0,1,0,0,0,0
car727,0,0,0,0,0,0,0,1,0,0,0,0
car728,0,0,0,0,0,0,0,1,0,0,0,0
car729,0,0,0,0,0,0,0,1,0,0,0,0
car730,0,0,0,0,0,0,0,1,0,0,0,0
car731,0,0,0,0,0,0,0,1,0,0,0,0
car732,0,0,0,0,0,0,0,1,0,0,0,0
car733,0,0,0,0,0,0,0,1,0,0,0,0
car734,0,0,0,0,0,0,0,1,0,0,0,0
car735,0,0,0,0,0,0,0,1,0,0,0,0
car736,0,0,0,0,0,0,0,1,0,0,0,0
car737,0,0,0,0,0,0,0,1,0,0,0,0
car738,0,0,0,0,0,0,0,1,0,0,0,0
car739,0,0,0,0,0,0,0,1,0,0,0,0
car740,0,0,0,0,0,0,0,1,0,0,0,0
car741,0,0,0,0,0,0,0,0,1,0,0,0
car742,0,0,0,0,0,0,0,0,1,0,0,0
car743,0,0,0,0,0,0,0,0,1,0,0,0
car744,0,0,0,0,0,0,0,0,1,0,0,0
car745,0,0,0,0,0,0,0,0,1,0,0,0
car746,0,0,0,0,0,0,0,0,1,0,0,0
car747,0,0,0,0,0,0,0,0,1,0,0,0
car748,0,0,0,0,0,0,0,0,1,0,0,0
car749,0,0,0,0,0,0,0,0,1,0,0,0
car750,0,0,0,0,0,0,0,0,1,0,0,0
car751,0,0,0,0,0,0,0,0,1,0,0,0
car752,0,0,0,0,0,0,0,0,1,0,0,0
car753,0,0,0,0,0,0,0,0,1,0,0,0
car754,0,0,0,0,0,0,0,0,1,0,0,0
car755,0,0,0,0,0,0,0,0,1,0,0,0
car756,0,0,0,0,0,0,0,0,1,0,0,0
car757,0,0,0,0,0,0,0,0,1,0,0,0
car758,0,0,0,0,0,0,0,0,1,0,0,0
car759,0,0,0,0,0,0,0,0,1,0,0,0
car760,0,0,0,0,0,0,0,0,1,0,0,0
car761,0,0,0,0,0,0,0,0,0,1,0,0
car762,0,0,0,0,0,0,0,0,0,1,0,0
car763,0,0,0,0,0,0,0,0,0,1,0,0
car764,0,0,0,0,0,0,0,0,0,1,0,0
car765,0,0,0,0,0,0,0,0,0,1,0,0
car766,0,0,0,0,0,0,0,0,0,1,0,0
car767,0,0,0,0,0,0,0,0,0,1,0,0
car768,0,0,0,0,0,0,0,0,0,1,0,0
car769,0,0,0,0,0,0,0,0,0,1,0,0
car770,0,0,0,0,0,0,0,0,0,1,0,0
car771,0,0,0,0,0,0,0,0,0,1,0,0
car772,0,0,0,0,0,0,0,0,0,1,0,0
car773,0,0,0,0,0,0,0,0,0,1,0,0
car774,0,0,0,0,0,0,0,0,0,1,0,0
car775,0,0,0,0,0,0,0,0,0,1,0,0
car776,0,0,0,0,0,0,0,0,0,1,0,0
car777,0,0,0,0,0,0,0,0,0,1,0,0
car778,0,0,0,0,0,0,0,0,0,1,0,0
car779,0,0,0,0,0,0,0,0,0,1,0,0
car780,0,0,0,0,0,0,0,0,0,1,0,0
car781,0,0,0,0,0,0,0,0,0,1,0,0
car782,0,0,0,0,0,0,0,0,0,1,0,0
car783,0,0,0,0,0,0,0,0,0,1,0,0
car784,0,0,0,0,0,0,0,0,0,1,0,0
car785,0,0,0,0,0,0,0,0,0,1,0,0
car786,0,0,0,0,0,0,0,0,0,1,0,0
car787,0,0,0,0,0,0,0,0,0,1,0,0
car788,0,0,0,0,0,0,0,0,0,1,0,0
car789,0,0,0,0,0,0,0,0,0,1,0,0
car790,0,0,0,0,0,0,0,0,0,1,0,0
car791,0,0,0,0,0,0,0,0,0,1,0,0
car792,0,0,0,0,0,0,0,0,0,1,0,0
car793,0,0,0,0,0,0,0,0,0,1,0,0
car794,0,0,0,0,0,0,0,0,0,1,0,0
car795,0,0,0,0,0,0,0,0,0,1,0,0
car796,0,0,0,0,0,0,0,0,0,1,0,0
car797,0,0,0,0,0,0,0,0,0,1,0,0
car798,0,0,0,0,0,0,0,0,0,1,0,0
car799,0,0,0,0,0,0,0,0,0,1,0,0
car800,0,0,0,0,0,0,0,0,0,1,0,0
car801,0,0,0,0,0,0,0,0,0,1,0,0
car802,0,0,0,0,0,0,0,0,0,1,0,0
car803,0,0,0,0,0,0,0,0,0,1,0,0
car804,0,0,0,0,0,0,0,0,0,1,0,0
car805,0,0,0,0,0,0,0,0,0,1,0,0
car806,0,0,0,0,0,0,0,0,0,1,0,0
car807,0,0,0,0,0,0,0,0,0,1,0,0
car808,0,0,0,0,0,0,0,0,0,1,0,0
car809,0,0,0,0,0,0,0,0,0,1,0,0
car810,0,0,0,0,0,0,0,0,0,1,0,0
car811,0,0,0,0,0,0,0,0,0,1,0,0
car812,0,0,0,0,0,0,0,0,0,1,0,0
car813,0,0,0,0,0,0,0,0,0,1,0,0
car814,0,0,0,0,0,0,0,0,0,1,0,0
car815,0,0,0,0,0,0,0,0,0,1,0,0
car816,0,0,0,0,0,0,0,0,0,1,0,0
car817,0,0,0,0,0,0,0,0,0,1,0,0
car818,0,0,0,0,0,0,0,0,0,1,0,0
car819,0,0,0,0,0,0,0,0,0,1,0,0
car820,0,0,0,0,0,0,0,0,0,1,0,0
car821,0,0,0,0,0,0,0,0,0,1,0,0
car822,0,0,0,0,0,0,0,0,0,0,1,0
car823,0,0,0,0,0,0,0,0,0,0,1,0
car824,0,0,0,0,0,0,0,0,0,0,1,0
car825,0,0,0,0,0,0,0,0,0,0,1,0
car826,0,0,0,0,0,0,0,0,0,0,1,0
car827,0,0,0,0,0,0,0,0,0,0,1,0
car828,0,0,0,0,0,0,0,0,0,0,1,0
car829,0,0,0,0,0,0,0,0,0,0,1,0
car830,0,0,0,0,0,0,0,0,0,0,1,0
car831,0,0,0,0,0,0,0,0,0,0,1,0
car832,0,0,0,0,0,0,0,0,0,0,1,0
car833,0,0,0,0,0,0,0,0,0,0,1,0
car834,0,0,0,0,0,0,0,0,0,0,1,0
car835,0,0,0,0,0,0,0,0,0,0,1,0
car836,0,0,0,0,0,0,0,0,0,0,1,0
car837,0,0,0,0,0,0,0,0,0,0,1,0
car838,0,0,0,0,0,0,0,0,0,0,1,0
car839,0,0,0,0,0,0,0,0,0,0,1,0
car840,0,0,0,0,0,0,0,0,0,0,1,0
car841,0,0,0,0,0,0,0,0,0,0,1,0
car842,0,0,0,0,0,0,0,0,0,0,1,0
car843,0,0,0,0,0,0,0,0,0,0,1,0
car844,0,0,0,0,0,0,0,0,0,0,1,0
car845,0,0,0,0,0,0,0,0,0,0,1,0
car846,0,0,0,0,0,0,0,0,0,0,1,0
car847,0,0,0,0,0,0,0,0,0,0,1,0
car848,0,0,0,0,0,0,0,0,0,0,1,0
car849,0,0,0,0,0,0,0,0,0,0,1,0
car850,0,0,0,0,0,0,0,0,0,0,1,0
car851,0,0,0,0,0,0,0,0,0,0,1,0
car852,0,0,0,0,0,0,0,0,0,0,1,0
car853,0,0,0,0,0,0,0,0,0,0,1,0
car854,0,0,0,0,0,0,0,0,0,0,1,0
car855,0,0,0,0,0,0,0,0,0,0,1,0
car856,0,0,0,0,0,0,0,0,0,0,1,0
car857,0,0,0,0,0,0,0,0,0,0,1,0
car858,0,0,0,0,0,0,0,0,0,0,1,0
car859,0,0,0,0,0,0,0,0,0,0,1,0
car860,0,0,0,0,0,0,0,0,0,0,1,0
car861,0,0,0,0,0,0,0,0,0,0,1,0
car862,0,0,0,0,0,0,0,0,0,0,1,0
car863,0,0,0,0,0,0,0,0,0,0,1,0
car864,0,0,0,0,0,0,0,0,0,0,1,0
car865,0,0,0,0,0,0,0,0,0,0,1,0
car866,0,0,0,0,0,0,0,0,0,0,1,0
car867,0,0,0,0,0,0,0,0,0,0,1,0
car868,0,0,0,0,0,0,0,0,0,0,1,0
car869,0,0,0,0,0,0,0,0,0,0,1,0
car870,0,0,0,0,0,0,0,0,0,0,1,0
car871,0,0,0,0,0,0,0,0,0,0,1,0
car872,0,0,0,0,0,0,0,0,0,0,1,0
car873,0,0,0,0,0,0,0,0,0,0,1,0
car874,0,0,0,0,0,0,0,0,0,0,1,0
car875,0,0,0,0,0,0,0,0,0,0,1,0
car876,0,0,0,0,0,0,0,0,0,0,1,0
car877,0,0,0,0,0,0,0,0,0,0,1,0
car878,0,0,0,0,0,0,0,0,0,0,1,0
car879,0,0,0,0,0,0,0,0,0,0,1,0
car880,0,0,0,0,0,0,0,0,0,0,1,0
car881,0,0,0,0,0,0,0,0,0,0,1,0
car882,0,0,0,0,0,0,0,0,0,0,1,0
car883,0,0,0,0,0,0,0,0,0,0,1,0
car884,0,0,0,0,0,0,0,0,0,0,1,0
car885,0,0,0,0,0,0,0,0,0,0,1,0
car886,0,0,0,0,0,0,0,0,0,0,1,0
car887,0,0,0,0,0,0,0,0,0,0,1,0
car888,0,0,0,0,0,0,0,0,0,0,1,0
car889,0,0,0,0,0,0,0,0,0,0,1,0
car890,0,0,0,0,0,0,0,0,0,0,1,0
car891,0,0,0,0,0,0,0,0,0,0,1,0
car892,0,0,0,0,0,0,0,0,0,0,1,0
car893,0,0,0,0,0,0,0,0,0,0,1,0
car894,0,0,0,0,0,0,0,0,0,0,1,0
car895,0,0,0,0,0,0,0,0,0,0,1,0
car896,0,0,0,0,0,0,0,0,0,0,1,0
car897,0,0,0,0,0,0,0,0,0,0,1,0
car898,0,0,0,0,0,0,0,0,0,0,1,0
car899,0,0,0,0,0,0,0,0,0,0,1,0
car900,0,0,0,0,0,0,0,0,0,0,1,0
car901,0,0,0,0,0,0,0,0,0,0,1,0
car902,0,0,0,0,0,0,0,0,0,0,1,0
car903,0,0,0,0,0,0,0,0,0,0,1,0
car904,0,0,0,0,0,0,0,0,0,0,1,0
car905,0,0,0,0,0,0,0,0,0,0,1,0
car906,0,0,0,0,0,0,0,0,0,0,1,0
car907,0,0,0,0,0,0,0,0,0,0,1,0
car908,0,0,0,0,0,0,0,0,0,0,1,0
car909,0,0,0,0,0,0,0,0,0,0,1,0
car910,0,0,0,0,0,0,0,0,0,0,1,0
car911,0,0,0,0,0,0,0,0,0,0,1,0
car912,0,0,0,0,0,0,0,0,0,0,1,0
car913,0,0,0,0,0,0,0,0,0,0,1,0
car914,0,0,0,0,0,0,0,0,0,0,1,0
car915,0,0,0,0,0,0,0,0,0,0,1,0
car916,0,0,0,0,0,0,0,0,0,0,1,0
car917,0,0,0,0,0,0,0,0,0,0,1,0
car918,0,0,0,0,0,0,0,0,0,0,1,0
car919,0,0,0,0,0,0,0,0,0,0,1,0
car920,0,0,0,0,0,0,0,0,0,0,1,0
car921,0,0,0,0,0,0,0,0,0,0,1,0
car922,0,0,0,0,0,0,0,0,0,0,1,0
car923,0,0,0,0,0,0,0,0,0,0,1,0
car924,0,0,0,0,0,0,0,0,0,0,1,0
car925,0,0,0,0,0,0,0,0,0,0,1,0
car926,0,0,0,0,0,0,0,0,0,0,1,0
car927,0,0,0,0,0,0,0,0,0,0,1,0
car928,0,0,0,0,0,0,0,0,0,0,1,0
car929,0,0,0,0,0,0,0,0,0,0,1,0
car930,0,0,0,0,0,0,0,0,0,0,1,0
car931,0,0,0,0,0,0,0,0,0,0,1,0
car932,0,0,0,0,0,0,0,0,0,0,1,0
car933,0,0,0,0,0,0,0,0,0,0,1,0
car934,0,0,0,0,0,0,0,0,0,0,1,0
car935,0,0,0,0,0,0,0,0,0,0,1,0
car936,0,0,0,0,0,0,0,0,0,0,1,0
car937,0,0,0,0,0,0,0,0,0,0,1,0
car938,0,0,0,0,0,0,0,0,0,0,1,0
car939,0,0,0,0,0,0,0,0,0,0,1,0
car940,0,0,0,0,0,0,0,0,0,0,1,0
car941,0,0,0,0,0,0,0,0,0,0,1,0
car942,0,0,0,0,0,0,0,0,0,0,1,0
car943,0,0,0,0,0,0,0,0,0,0,1,0
car944,0,0,0,0,0,0,0,0,0,0,1,0
car945,0,0,0,0,0,0,0,0,0,0,1,0
car946,0,0,0,0,0,0,0,0,0,0,1,0
car947,0,0,0,0,0,0,0,0,0,0,1,0
car948,0,0,0,0,0,0,0,0,0,0,1,0
car949,0,0,0,0,0,0,0,0,0,0,1,0
car950,0,0,0,0,0,0,0,0,0,0,1,0
car951,0,0,0,0,0,0,0,0,0,0,1,0
car952,0,0,0,0,0,0,0,0,0,0,1,0
car953,0,0,0,0,0,0,0,0,0,0,1,0
car954,0,0,0,0,0,0,0,0,0,0,1,0
car955,0,0,0,0,0,0,0,0,0,0,1,0
car956,0,0,0,0,0,0,0,0,0,0,1,0
car957,0,0,0,0,0,0,0,0,0,0,1,0
car958,0,0,0,0,0,0,0,0,0,0,1,0
car959,0,0,0,0,0,0,0,0,0,0,1,0
car960,0,0,0,0,0,0,0,0,0,0,1,0
car961,0,0,0,0,0,0,0,0,0,0,1,0
car962,0,0,0,0,0,0,0,0,0,0,1,0
car963,0,0,0,0,0,0,0,0,0,0,1,0
car964,0,0,0,0,0,0,0,0,0,0,1,0
car965,0,0,0,0,0,0,0,0,0,0,1,0
car966,0,0,0,0,0,0,0,0,0,0,1,0
car967,0,0,0,0,0,0,0,0,0,0,1,0
car968,0,0,0,0,0,0,0,0,0,0,1,0
car969,0,0,0,0,0,0,0,0,0,0,1,0
car970,0,0,0,0,0,0,0,0,0,0,1,0
car971,0,0,0,0,0,0,0,0,0,0,1,0
car972,0,0,0,0,0,0,0,0,0,0,1,0
car973,0,0,0,0,0,0,0,0,0,0,1,0
car974,0,0,0,0,0,0,0,0,0,0,1,0
car975,0,0,0,0,0,0,0,0,0,0,1,0
car976,0,0,0,0,0,0,0,0,0,0,1,0
car977,0,0,0,0,0,0,0,0,0,0,1,0
car978,0,0,0,0,0,0,0,0,0,0,1,0
car979,0,0,0,0,0,0,0,0,0,0,1,0
car980,0,0,0,0,0,0,0,0,0,0,1,0
car981,0,0,0,0,0,0,0,0,0,0,1,0
car982,0,0,0,0,0,0,0,0,0,0,1,0
car983,0,0,0,0,0,0,0,0,0,0,1,0
car984,0,0,0,0,0,0,0,0,0,0,1,0
car985,0,0,0,0,0,0,0,0,0,0,1,0
car986,0,0,0,0,0,0,0,0,0,0,1,0
car987,0,0,0,0,0,0,0,0,0,0,1,0
car988,0,0,0,0,0,0,0,0,0,0,1,0
car989,0,0,0,0,0,0,0,0,0,0,1,0
car990,0,0,0,0,0,0,0,0,0,0,1,0
car991,0,0,0,0,0,0,0,0,0,0,1,0
car992,0,0,0,0,0,0,0,0,0,0,1,0
car993,0,0,0,0,0,0,0,0,0,0,1,0
car994,0,0,0,0,0,0,0,0,0,0,1,0
car995,0,0,0,0,0,0,0,0,0,0,1,0
car996,0,0,0,0,0,0,0,0,0,0,1,0
car997,0,0,0,0,0,0,0,0,0,0,1,0
car998,0,0,0,0,0,0,0,0,0,0,1,0
car999,0,0,0,0,0,0,0,0,0,0,0,1
car1000,0,0,0,0,0,0,0,0,0,0,0,1
car1001,0,0,0,0,0,0,0,0,0,0,0,1
car1002,0,0,0,0,0,0,0,0,0,0,0,1
car1003,0,0,0,0,0,0,0,0,0,0,0,1
car1004,0,0,0,0,0,0,0,0,0,0,0,1
car1005,0,0,0,0,0,0,0,0,0,0,0,1
car1006,0,0,0,0,0,0,0,0,0,0,0,1
car1007,0,0,0,0,0,0,0,0,0,0,0,1
car1008,0,0,0,0,0,0,0,0,0,0,0,1
car1009,0,0,0,0,0,0,0,0,0,0,0,1
car1010,0,0,0,0,0,0,0,0,0,0,0,1
car1011,0,0,0,0,0,0,0,0,0,0,0,1
car1012,0,0,0,0,0,0,0,0,0,0,0,1
car1013,0,0,0,0,0,0,0,0,0,0,0,1
car1014,0,0,0,0,0,0,0,0,0,0,0,1
car1015,0,0,0,0,0,0,0,0,0,0,0,1
car1016,0,0,0,0,0,0,0,0,0,0,0,1
car1017,0,0,0,0,0,0,0,0,0,0,0,1
car1018,0,0,0,0,0,0,0,0,0,0,0,1
car1019,0,0,0,0,0,0,0,0,0,0,0,1
car1020,0,0,0,0,0,0,0,0,0,0,0,1
car1021,0,0,0,0,0,0,0,0,0,0,0,1
car1022,0,0,0,0,0,0,0,0,0,0,0,1
car1023,0,0,0,0,0,0,0,0,0,0,0,1
car1024,0,0,0,0,0,0,0,0,0,0,0,1
car1025,0,0,0,0,0,0,0,0,0,0,0,1
car1026,0,0,0,0,0,0,0,0,0,0,0,1
car1027,0,0,0,0,0,0,0,0,0,0,0,1
car1028,0,0,0,0,0,0,0,0,0,0,0,1
car1029,0,0,0,0,0,0,0,0,0,0,0,1
car1030,0,0,0,0,0,0,0,0,0,0,0,1
car1031,0,0,0,0,0,0,0,0,0,0,0,1
car1032,0,0,0,0,0,0,0,0,0,0,0,1
car1033,0,0,0,0,0,0,0,0,0,0,0,1
car1034,0,0,0,0,0,0,0,0,0,0,0,1
car1035,0,0,0,0,0,0,0,0,0,0,0,1
car1036,0,0,0,0,0,0,0,0,0,0,0,1
car1037,0,0,0,0,0,0,0,0,0,0,0,1
car1038,0,0,0,0,0,0,0,0,0,0,0,1
car1039,0,0,0,0,0,0,0,0,0,0,0,1
car1040,0,0,0,0,0,0,0,0,0,0,0,1
car1041,0,0,0,0,0,0,0,0,0,0,0,1
car1042,0,0,0,0,0,0,0,0,0,0,0,1
car1043,0,0,0,0,0,0,0,0,0,0,0,1
car1044,0,0,0,0,0,0,0,0,0,0,0,1
car1045,0,0,0,0,0,0,0,0,0,0,0,1
car1046,0,0,0,0,0,0,0,0,0,0,0,1
car1047,0,0,0,0,0,0,0,0,0,0,0,1
car1048,0,0,0,0,0,0,0,0,0,0,0,1
car1049,0,0,0,0,0,0,0,0,0,0,0,1
car1050,0,0,0,0,0,0,0,0,0,0,0,1
car1051,0,0,0,0,0,0,0,0,0,0,0,1
car1052,0,0,0,0,0,0,0,0,0,0,0,1
car1053,0,0,0,0,0,0,0,0,0,0,0,1
car1054,0,0,0,0,0,0,0,0,0,0,0,1
car1055,0,0,0,0,0,0,0,0,0,0,0,1
car1056,0,0,0,0,0,0,0,0,0,0,0,1
car1057,0,0,0,0,0,0,0,0,0,0,0,1
car1058,0,0,0,0,0,0,0,0,0,0,0,1
car1059,0,0,0,0,0,0,0,0,0,0,0,1
car1060,0,0,0,0,0,0,0,0,0,0,0,1
car1061,0,0,0,0,0,0,0,0,0,0,0,1
car1062,0,0,0,0,0,0,0,0,0,0,0,1
car1063,0,0,0,0,0,0,0,0,0,0,0,1
car1064,0,0,0,0,0,0,0,0,0,0,0,1
car1065,0,0,0,0,0,0,0,0,0,0,0,1
car1066,0,0,0,0,0,0,0,0,0,0,0,1
car1067,0,0,0,0,0,0,0,0,0,0,0,1
car1068,0,0,0,0,0,0,0,0,0,0,0,1
car1069,0,0,0,0,0,0,0,0,0,0,0,1
car1070,0,0,0,0,0,0,0,0,0,0,0,1
car1071,0,0,0,0,0,0,0,0,0,0,0,1
car1072,0,0,0,0,0,0,0,0,0,0,0,1
car1073,0,0,0,0,0,0,0,0,0,0,0,1
car1074,0,0,0,0,0,0,0,0,0,0,0,1
car1075,0,0,0,0,0,0,0,0,0,0,0,1
car1076,0,0,0,0,0,0,0,0,0,0,0,1
car1077,0,0,0,0,0,0,0,0,0,0,0,1
car1078,0,0,0,0,0,0,0,0,0,0,0,1
car1079,0,0,0,0,0,0,0,0,0,0,0,1
car1080,0,0,0,0,0,0,0,0,0,0,0,1
car1081,0,0,0,0,0,0,0,0,0,0,0,1
car1082,0,0,0,0,0,0,0,0,0,0,0,1
car1083,0,0,0,0,0,0,0,0,0,0,0,1
car1084,0,0,0,0,0,0,0,0,0,0,0,1
car1085,0,0,0,0,0,0,0,0,0,0,0,1
